S1	E1	S2	E2	Reference	Contig	IDY	Ambiguous	Best_group
27731820	59118969	1	31387150	chr19	ptg000001l	100.0		True
CONTIG	ptg000001l	31387150	correct
8737263	20523308	19	11786063	chr19	ptg000002l	100.0		True
CONTIG	ptg000002l	11786063	correct
20573419	24631520	1	4058102	chr19	ptg000003l	100.0		True
CONTIG	ptg000003l	4058102	correct
60076	7345838	1	7285763	chr19	ptg000004l	100.0		True
CONTIG	ptg000004l	7285763	correct
7396214	8686728	1	1290515	chr19	ptg000005l	100.0		True
CONTIG	ptg000005l	1290515	correct
